datetime,location,temperature,rainfall,holiday,demand
2025-05-01 00:00,CityCenter,26.0,0.06,0,142
2025-05-01 01:00,Downtown,25.9,0.51,0,147
2025-05-01 02:00,Downtown,25.1,0.4,0,113
2025-05-01 03:00,CityCenter,22.1,0.15,0,123
2025-05-01 04:00,Suburbs,22.1,0.26,0,99
2025-05-01 05:00,Airport,21.7,0.0,0,191
2025-05-01 06:00,Airport,14.2,0.28,0,197
2025-05-01 07:00,Airport,24.9,0.0,0,213
2025-05-01 08:00,CityCenter,34.2,0.22,0,102
2025-05-01 09:00,Downtown,25.7,0.35,0,98
2025-05-01 10:00,CityCenter,21.6,0.01,0,119
2025-05-01 11:00,CityCenter,27.1,0.0,0,143
2025-05-01 12:00,University,21.9,0.1,0,83
2025-05-01 13:00,Downtown,19.2,0.0,0,93
2025-05-01 14:00,University,24.8,0.0,0,111
2025-05-01 15:00,TechPark,22.2,0.12,0,137
2025-05-01 16:00,Downtown,24.9,0.36,0,137
2025-05-01 17:00,Downtown,27.0,0.0,0,149
2025-05-01 18:00,Downtown,23.5,0.01,0,105
2025-05-01 19:00,Airport,25.1,0.59,0,193
2025-05-01 20:00,Airport,18.6,0.0,0,229
2025-05-01 21:00,University,20.2,0.0,0,114
2025-05-01 22:00,University,21.3,0.28,0,93
2025-05-01 23:00,Downtown,27.7,0.3,0,148
2025-05-02 00:00,University,23.2,0.0,0,110
2025-05-02 01:00,Airport,20.4,0.07,0,224
2025-05-02 02:00,CityCenter,19.6,0.0,0,134
2025-05-02 03:00,CityCenter,17.7,0.29,0,134
2025-05-02 04:00,CityCenter,19.8,0.08,0,113
2025-05-02 05:00,University,25.9,0.32,0,124
2025-05-02 06:00,TechPark,23.9,0.57,0,128
2025-05-02 07:00,Airport,21.5,0.2,0,229
2025-05-02 08:00,TechPark,18.3,0.41,0,151
2025-05-02 09:00,University,20.9,0.23,0,108
2025-05-02 10:00,Suburbs,29.9,0.0,0,75
2025-05-02 11:00,Downtown,24.5,0.28,0,140
2025-05-02 12:00,Airport,26.0,0.45,0,175
2025-05-02 13:00,CityCenter,18.1,0.03,0,119
2025-05-02 14:00,TechPark,24.4,0.39,0,177
2025-05-02 15:00,Suburbs,22.7,0.0,0,72
2025-05-02 16:00,Suburbs,27.4,0.0,0,96
2025-05-02 17:00,Airport,25.2,0.18,0,208
2025-05-02 18:00,Airport,24.5,0.0,0,206
2025-05-02 19:00,Suburbs,19.6,0.37,0,63
2025-05-02 20:00,Downtown,23.4,0.22,0,121
2025-05-02 21:00,Downtown,15.6,0.48,0,138
2025-05-02 22:00,TechPark,20.6,0.0,0,158
2025-05-02 23:00,Downtown,16.3,0.09,0,138
2025-05-03 00:00,Suburbs,23.7,0.2,1,62
2025-05-03 01:00,Suburbs,25.9,0.02,1,58
2025-05-03 02:00,University,25.4,0.69,1,95
2025-05-03 03:00,Suburbs,28.6,0.33,1,98
2025-05-03 04:00,Downtown,26.9,0.0,1,94
2025-05-03 05:00,CityCenter,29.6,0.52,1,110
2025-05-03 06:00,TechPark,26.0,0.26,1,128
2025-05-03 07:00,University,20.0,0.0,1,98
2025-05-03 08:00,Downtown,22.3,0.36,1,125
2025-05-03 09:00,TechPark,24.0,0.0,1,138
2025-05-03 10:00,Downtown,21.1,0.02,1,130
2025-05-03 11:00,University,20.3,0.56,1,87
2025-05-03 12:00,Suburbs,25.9,0.38,1,96
2025-05-03 13:00,CityCenter,22.6,0.27,1,159
2025-05-03 14:00,University,17.2,0.14,1,70
2025-05-03 15:00,Suburbs,25.0,0.33,1,48
2025-05-03 16:00,University,27.9,0.0,1,85
2025-05-03 17:00,Airport,26.5,0.47,1,180
2025-05-03 18:00,CityCenter,27.4,0.64,1,147
2025-05-03 19:00,Downtown,25.2,0.0,1,118
2025-05-03 20:00,Downtown,20.1,0.0,1,91
2025-05-03 21:00,CityCenter,28.2,0.5,1,140
2025-05-03 22:00,Airport,18.7,0.09,1,225
2025-05-03 23:00,Suburbs,27.9,0.22,1,56
2025-05-04 00:00,Downtown,25.7,0.0,1,148
2025-05-04 01:00,Airport,18.5,0.0,1,215
2025-05-04 02:00,Downtown,25.3,0.12,1,140
2025-05-04 03:00,TechPark,25.1,0.35,1,153
2025-05-04 04:00,Suburbs,29.2,0.0,1,86
2025-05-04 05:00,TechPark,18.4,0.09,1,167
2025-05-04 06:00,CityCenter,19.7,0.24,1,127
2025-05-04 07:00,Suburbs,16.9,0.03,1,45
2025-05-04 08:00,Airport,23.5,0.32,1,222
2025-05-04 09:00,Suburbs,25.3,0.12,1,91
2025-05-04 10:00,Suburbs,20.6,0.0,1,62
2025-05-04 11:00,Airport,23.6,0.0,1,187
2025-05-04 12:00,CityCenter,26.8,0.13,1,157
2025-05-04 13:00,Suburbs,26.5,0.0,1,62
2025-05-04 14:00,CityCenter,24.2,0.0,1,101
2025-05-04 15:00,CityCenter,27.5,0.0,1,108
2025-05-04 16:00,CityCenter,20.2,0.51,1,128
2025-05-04 17:00,Downtown,21.3,0.0,1,139
2025-05-04 18:00,University,26.1,1.26,1,114
2025-05-04 19:00,CityCenter,21.8,0.06,1,150
2025-05-04 20:00,Airport,19.4,0.0,1,171
2025-05-04 21:00,University,31.6,0.0,1,120
2025-05-04 22:00,CityCenter,33.3,0.0,1,121
2025-05-04 23:00,Airport,22.3,0.12,1,221
2025-05-05 00:00,Airport,16.0,0.23,0,177
2025-05-05 01:00,TechPark,21.1,0.3,0,124
2025-05-05 02:00,TechPark,28.8,0.05,0,151
2025-05-05 03:00,Suburbs,33.6,0.65,0,94
2025-05-05 04:00,CityCenter,23.6,0.0,0,118
2025-05-05 05:00,CityCenter,20.8,0.07,0,136
2025-05-05 06:00,University,31.1,0.0,0,70
2025-05-05 07:00,Airport,22.7,0.0,0,203
2025-05-05 08:00,CityCenter,22.7,0.04,0,124
2025-05-05 09:00,Suburbs,19.0,0.38,0,55
2025-05-05 10:00,Downtown,32.5,0.17,0,94
2025-05-05 11:00,Airport,18.7,0.65,0,181
2025-05-05 12:00,Downtown,19.3,0.17,0,111
2025-05-05 13:00,Suburbs,25.8,0.33,0,51
2025-05-05 14:00,TechPark,21.8,0.43,0,149
2025-05-05 15:00,Suburbs,22.3,0.14,0,93
2025-05-05 16:00,Downtown,22.2,0.14,0,120
2025-05-05 17:00,Airport,36.7,0.13,0,214
2025-05-05 18:00,University,23.2,0.12,0,101
2025-05-05 19:00,CityCenter,24.5,0.3,0,149
2025-05-05 20:00,Suburbs,19.9,0.16,0,90
2025-05-05 21:00,Airport,25.8,0.44,0,170
2025-05-05 22:00,CityCenter,25.1,0.0,0,116
2025-05-05 23:00,TechPark,19.4,0.57,0,129
2025-05-06 00:00,TechPark,21.5,0.0,0,172
2025-05-06 01:00,CityCenter,26.1,0.04,0,155
2025-05-06 02:00,TechPark,27.3,0.29,0,176
2025-05-06 03:00,Airport,15.1,0.52,0,193
2025-05-06 04:00,Suburbs,16.8,0.0,0,78
2025-05-06 05:00,Airport,28.2,0.17,0,201
2025-05-06 06:00,Airport,23.1,0.43,0,182
2025-05-06 07:00,CityCenter,20.5,0.34,0,129
2025-05-06 08:00,University,24.0,0.38,0,117
2025-05-06 09:00,University,17.8,0.0,0,88
2025-05-06 10:00,Suburbs,25.3,0.06,0,91
2025-05-06 11:00,CityCenter,31.6,0.42,0,152
2025-05-06 12:00,University,24.8,0.0,0,121
2025-05-06 13:00,TechPark,28.6,0.34,0,142
2025-05-06 14:00,University,22.6,0.17,0,122
2025-05-06 15:00,TechPark,21.2,0.1,0,150
2025-05-06 16:00,Suburbs,31.3,0.22,0,86
2025-05-06 17:00,Airport,25.7,0.0,0,213
2025-05-06 18:00,Airport,24.2,0.12,0,215
2025-05-06 19:00,University,22.3,0.16,0,119
2025-05-06 20:00,TechPark,17.7,0.12,0,127
2025-05-06 21:00,Downtown,18.2,0.0,0,141
2025-05-06 22:00,Downtown,25.2,0.04,0,134
2025-05-06 23:00,Downtown,21.3,0.51,0,120
2025-05-07 00:00,Airport,14.6,0.0,0,208
2025-05-07 01:00,CityCenter,27.4,0.05,0,138
2025-05-07 02:00,Airport,17.7,0.0,0,219
2025-05-07 03:00,CityCenter,21.3,0.09,0,127
2025-05-07 04:00,TechPark,26.6,0.26,0,158
2025-05-07 05:00,University,26.1,0.56,0,126
2025-05-07 06:00,Downtown,18.2,0.0,0,145
2025-05-07 07:00,TechPark,13.7,0.44,0,177
2025-05-07 08:00,TechPark,24.9,0.1,0,156
2025-05-07 09:00,University,27.4,0.0,0,126
2025-05-07 10:00,TechPark,33.1,0.22,0,133
2025-05-07 11:00,University,20.4,0.56,0,92
2025-05-07 12:00,Suburbs,32.8,0.0,0,47
2025-05-07 13:00,University,25.9,0.0,0,77
2025-05-07 14:00,Downtown,28.1,0.0,0,117
2025-05-07 15:00,CityCenter,18.7,0.0,0,126
2025-05-07 16:00,CityCenter,25.4,0.66,0,132
2025-05-07 17:00,Downtown,30.9,0.0,0,137
2025-05-07 18:00,CityCenter,27.0,0.54,0,101
2025-05-07 19:00,University,19.1,0.16,0,125
2025-05-07 20:00,Suburbs,28.7,0.0,0,71
2025-05-07 21:00,CityCenter,21.5,0.53,0,158
2025-05-07 22:00,Suburbs,25.1,0.18,0,73
2025-05-07 23:00,Downtown,25.4,0.67,0,94
2025-05-08 00:00,Suburbs,24.0,0.11,0,76
2025-05-08 01:00,TechPark,27.7,0.34,0,138
2025-05-08 02:00,Airport,22.7,0.0,0,215
2025-05-08 03:00,TechPark,20.6,0.0,0,123
2025-05-08 04:00,Downtown,26.8,0.0,0,121
2025-05-08 05:00,CityCenter,24.0,0.0,0,153
2025-05-08 06:00,CityCenter,24.5,0.57,0,111
2025-05-08 07:00,Suburbs,21.7,0.86,0,62
2025-05-08 08:00,University,26.6,0.51,0,71
2025-05-08 09:00,Airport,24.8,0.11,0,219
2025-05-08 10:00,University,17.1,0.53,0,96
2025-05-08 11:00,Downtown,25.0,0.0,0,146
2025-05-08 12:00,CityCenter,30.0,0.12,0,159
2025-05-08 13:00,Suburbs,24.9,0.0,0,56
2025-05-08 14:00,CityCenter,23.9,0.34,0,159
2025-05-08 15:00,University,17.9,0.46,0,112
2025-05-08 16:00,University,16.7,0.37,0,116
2025-05-08 17:00,Airport,19.6,0.25,0,225
2025-05-08 18:00,Airport,28.0,0.03,0,196
2025-05-08 19:00,Suburbs,20.1,0.25,0,97
2025-05-08 20:00,Airport,26.5,0.0,0,187
2025-05-08 21:00,University,20.7,0.0,0,90
2025-05-08 22:00,University,30.7,0.81,0,81
2025-05-08 23:00,Downtown,21.8,0.0,0,103
2025-05-09 00:00,University,19.1,0.0,0,95
2025-05-09 01:00,Suburbs,26.1,0.46,0,86
2025-05-09 02:00,TechPark,19.1,0.11,0,167
2025-05-09 03:00,Downtown,23.6,0.03,0,90
2025-05-09 04:00,Downtown,24.7,0.0,0,141
2025-05-09 05:00,Suburbs,21.8,0.0,0,61
2025-05-09 06:00,Suburbs,27.1,0.0,0,53
2025-05-09 07:00,Airport,30.6,0.03,0,183
2025-05-09 08:00,Downtown,27.5,0.24,0,132
2025-05-09 09:00,Airport,20.1,0.12,0,227
2025-05-09 10:00,University,19.3,0.0,0,94
2025-05-09 11:00,Downtown,20.9,0.27,0,128
2025-05-09 12:00,Downtown,19.8,0.0,0,115
2025-05-09 13:00,CityCenter,17.8,0.16,0,112
2025-05-09 14:00,TechPark,30.7,0.36,0,122
2025-05-09 15:00,Downtown,22.8,0.75,0,125
2025-05-09 16:00,University,33.5,0.4,0,77
2025-05-09 17:00,Airport,29.9,0.7,0,211
2025-05-09 18:00,Airport,20.5,0.0,0,195
2025-05-09 19:00,CityCenter,18.3,0.28,0,158
2025-05-09 20:00,TechPark,24.1,0.14,0,152
2025-05-09 21:00,University,23.2,0.0,0,99
2025-05-09 22:00,Airport,21.6,0.0,0,200
2025-05-09 23:00,Suburbs,24.7,0.37,0,50
2025-05-10 00:00,University,24.9,0.18,1,118
2025-05-10 01:00,University,31.2,0.08,1,126
2025-05-10 02:00,TechPark,25.1,0.63,1,145
2025-05-10 03:00,Airport,27.7,0.0,1,175
2025-05-10 04:00,University,26.6,0.0,1,81
2025-05-10 05:00,CityCenter,25.0,0.0,1,137
2025-05-10 06:00,CityCenter,19.4,0.18,1,135
2025-05-10 07:00,Airport,27.5,0.0,1,175
2025-05-10 08:00,CityCenter,20.6,0.0,1,122
2025-05-10 09:00,Suburbs,18.4,0.17,1,79
2025-05-10 10:00,TechPark,21.6,0.33,1,156
2025-05-10 11:00,CityCenter,33.6,0.0,1,134
2025-05-10 12:00,CityCenter,26.3,0.04,1,159
2025-05-10 13:00,Suburbs,24.7,0.13,1,51
2025-05-10 14:00,TechPark,26.7,0.04,1,141
2025-05-10 15:00,University,26.1,0.31,1,129
2025-05-10 16:00,TechPark,22.7,0.0,1,124
2025-05-10 17:00,Downtown,26.6,0.0,1,93
2025-05-10 18:00,Airport,27.3,0.0,1,187
2025-05-10 19:00,Airport,23.0,0.49,1,183
2025-05-10 20:00,Downtown,25.0,0.34,1,122
2025-05-10 21:00,Suburbs,24.1,0.6,1,64
2025-05-10 22:00,Downtown,19.2,0.0,1,91
2025-05-10 23:00,University,27.6,0.13,1,120
2025-05-11 00:00,University,14.8,0.53,1,72
2025-05-11 01:00,Airport,18.1,0.44,1,221
2025-05-11 02:00,University,26.0,0.47,1,121
2025-05-11 03:00,Airport,25.9,0.57,1,198
2025-05-11 04:00,Downtown,22.2,0.0,1,126
2025-05-11 05:00,Downtown,22.0,0.22,1,93
2025-05-11 06:00,CityCenter,30.0,0.22,1,158
2025-05-11 07:00,CityCenter,22.4,0.18,1,112
2025-05-11 08:00,Downtown,22.9,0.0,1,118
2025-05-11 09:00,Airport,19.9,0.99,1,173
2025-05-11 10:00,Downtown,27.9,0.39,1,120
2025-05-11 11:00,Downtown,29.3,0.7,1,115
2025-05-11 12:00,Suburbs,20.9,0.0,1,50
2025-05-11 13:00,Downtown,23.6,0.2,1,95
2025-05-11 14:00,University,20.4,0.0,1,115
2025-05-11 15:00,Airport,27.0,0.16,1,209
2025-05-11 16:00,Suburbs,33.8,0.14,1,86
2025-05-11 17:00,CityCenter,26.6,0.57,1,143
2025-05-11 18:00,TechPark,31.1,0.28,1,175
2025-05-11 19:00,Airport,21.6,0.49,1,178
2025-05-11 20:00,University,30.4,0.0,1,109
2025-05-11 21:00,Airport,22.7,0.0,1,195
2025-05-11 22:00,CityCenter,34.2,0.26,1,120
2025-05-11 23:00,University,29.6,0.0,1,79
2025-05-12 00:00,University,20.0,0.0,0,94
2025-05-12 01:00,TechPark,17.8,0.0,0,146
2025-05-12 02:00,Airport,18.0,0.02,0,213
2025-05-12 03:00,TechPark,23.2,0.19,0,144
2025-05-12 04:00,TechPark,13.2,0.08,0,143
2025-05-12 05:00,Airport,28.2,0.0,0,212
2025-05-12 06:00,Downtown,19.9,0.26,0,109
2025-05-12 07:00,Downtown,33.1,0.0,0,111
2025-05-12 08:00,CityCenter,34.3,0.12,0,112
2025-05-12 09:00,TechPark,18.5,0.0,0,175
2025-05-12 10:00,Suburbs,23.5,0.15,0,68
2025-05-12 11:00,TechPark,18.3,0.54,0,135
2025-05-12 12:00,TechPark,21.1,0.13,0,133
2025-05-12 13:00,TechPark,24.9,0.65,0,173
2025-05-12 14:00,CityCenter,15.7,0.0,0,137
2025-05-12 15:00,Downtown,22.6,0.17,0,97
2025-05-12 16:00,CityCenter,18.4,0.0,0,145
2025-05-12 17:00,CityCenter,29.7,0.14,0,154
2025-05-12 18:00,CityCenter,25.9,0.0,0,128
2025-05-12 19:00,Downtown,28.9,0.0,0,92
2025-05-12 20:00,Downtown,26.9,0.0,0,97
2025-05-12 21:00,TechPark,24.4,0.06,0,122
2025-05-12 22:00,CityCenter,24.6,0.39,0,107
2025-05-12 23:00,Suburbs,23.0,0.0,0,53
2025-05-13 00:00,Downtown,29.0,0.23,0,105
2025-05-13 01:00,Airport,30.6,0.0,0,190
2025-05-13 02:00,Airport,17.2,0.0,0,187
2025-05-13 03:00,Airport,25.3,0.0,0,229
2025-05-13 04:00,University,26.1,0.18,0,74
2025-05-13 05:00,TechPark,19.0,0.0,0,121
2025-05-13 06:00,Airport,22.7,0.07,0,189
2025-05-13 07:00,TechPark,18.9,0.63,0,149
2025-05-13 08:00,Airport,27.8,0.0,0,204
2025-05-13 09:00,Suburbs,27.9,0.09,0,71
2025-05-13 10:00,TechPark,22.5,0.08,0,133
2025-05-13 11:00,Airport,27.5,0.42,0,194
2025-05-13 12:00,Downtown,21.5,0.0,0,132
2025-05-13 13:00,TechPark,19.8,0.03,0,148
2025-05-13 14:00,University,21.8,0.0,0,80
2025-05-13 15:00,Downtown,24.5,0.49,0,131
2025-05-13 16:00,Downtown,17.5,0.27,0,106
2025-05-13 17:00,CityCenter,23.7,0.0,0,111
2025-05-13 18:00,University,25.0,0.39,0,81
2025-05-13 19:00,Downtown,23.6,0.79,0,99
2025-05-13 20:00,Downtown,23.4,0.34,0,117
2025-05-13 21:00,Airport,22.3,0.54,0,171
2025-05-13 22:00,Airport,26.1,0.0,0,220
2025-05-13 23:00,TechPark,24.6,0.03,0,148
2025-05-14 00:00,TechPark,17.9,0.0,0,155
2025-05-14 01:00,TechPark,20.1,0.42,0,154
2025-05-14 02:00,Airport,23.5,0.27,0,193
2025-05-14 03:00,TechPark,24.4,0.15,0,152
2025-05-14 04:00,Downtown,25.2,0.0,0,108
2025-05-14 05:00,Airport,21.7,0.14,0,228
2025-05-14 06:00,TechPark,17.2,0.4,0,145
2025-05-14 07:00,Downtown,15.5,0.0,0,129
2025-05-14 08:00,TechPark,23.9,0.63,0,162
2025-05-14 09:00,Suburbs,20.2,0.79,0,74
2025-05-14 10:00,TechPark,26.0,0.26,0,163
2025-05-14 11:00,Suburbs,22.8,0.0,0,98
2025-05-14 12:00,TechPark,23.7,0.29,0,166
2025-05-14 13:00,CityCenter,26.8,0.49,0,116
2025-05-14 14:00,CityCenter,29.1,0.42,0,105
2025-05-14 15:00,University,29.4,0.41,0,110
2025-05-14 16:00,CityCenter,25.7,0.16,0,122
2025-05-14 17:00,CityCenter,19.0,0.88,0,106
2025-05-14 18:00,TechPark,25.8,0.04,0,169
2025-05-14 19:00,Airport,29.4,0.0,0,200
2025-05-14 20:00,Airport,24.1,0.11,0,187
2025-05-14 21:00,Suburbs,32.8,0.2,0,53
2025-05-14 22:00,Airport,18.4,0.25,0,229
2025-05-14 23:00,Downtown,28.1,0.08,0,132
2025-05-15 00:00,University,29.0,0.0,0,113
2025-05-15 01:00,CityCenter,29.3,0.2,0,103
2025-05-15 02:00,University,21.4,0.41,0,87
2025-05-15 03:00,Downtown,13.4,0.32,0,133
2025-05-15 04:00,CityCenter,24.3,0.42,0,131
2025-05-15 05:00,Suburbs,34.4,0.0,0,83
2025-05-15 06:00,Downtown,17.3,0.0,0,94
2025-05-15 07:00,Downtown,16.6,0.01,0,139
2025-05-15 08:00,University,20.0,0.0,0,94
2025-05-15 09:00,TechPark,25.8,0.03,0,134
2025-05-15 10:00,University,16.3,0.0,0,93
2025-05-15 11:00,University,21.4,0.34,0,129
2025-05-15 12:00,Airport,27.9,0.04,0,215
2025-05-15 13:00,Downtown,27.3,0.16,0,123
2025-05-15 14:00,University,28.7,0.59,0,114
2025-05-15 15:00,Downtown,22.3,0.07,0,147
2025-05-15 16:00,Airport,21.5,0.46,0,174
2025-05-15 17:00,Downtown,19.0,0.27,0,98
2025-05-15 18:00,University,22.5,0.0,0,119
2025-05-15 19:00,Downtown,24.7,0.1,0,92
2025-05-15 20:00,CityCenter,21.8,0.29,0,155
2025-05-15 21:00,Airport,15.0,0.0,0,228
2025-05-15 22:00,TechPark,26.2,0.43,0,124
2025-05-15 23:00,Downtown,20.4,0.39,0,149
2025-05-16 00:00,University,18.5,0.0,0,74
2025-05-16 01:00,Airport,24.2,0.0,0,206
2025-05-16 02:00,University,26.8,0.0,0,74
2025-05-16 03:00,University,24.2,0.41,0,120
2025-05-16 04:00,Downtown,22.0,0.41,0,123
2025-05-16 05:00,University,28.4,0.14,0,102
2025-05-16 06:00,Downtown,25.0,0.19,0,129
2025-05-16 07:00,TechPark,21.4,0.0,0,167
2025-05-16 08:00,CityCenter,27.3,0.25,0,124
2025-05-16 09:00,University,20.3,0.28,0,74
2025-05-16 10:00,University,22.5,0.0,0,99
2025-05-16 11:00,University,30.3,0.2,0,81
2025-05-16 12:00,Suburbs,24.8,0.11,0,56
2025-05-16 13:00,Suburbs,22.9,0.0,0,63
2025-05-16 14:00,Airport,23.1,0.16,0,188
2025-05-16 15:00,CityCenter,25.0,0.57,0,131
2025-05-16 16:00,CityCenter,22.6,0.43,0,114
2025-05-16 17:00,Suburbs,24.7,0.22,0,89
2025-05-16 18:00,Airport,27.0,0.39,0,223
2025-05-16 19:00,Suburbs,28.8,0.0,0,98
2025-05-16 20:00,TechPark,21.7,0.67,0,178
2025-05-16 21:00,Airport,25.5,0.0,0,176
2025-05-16 22:00,CityCenter,28.5,0.0,0,110
2025-05-16 23:00,CityCenter,21.8,0.66,0,145
2025-05-17 00:00,Suburbs,26.7,0.09,1,74
2025-05-17 01:00,TechPark,19.1,0.05,1,174
2025-05-17 02:00,Suburbs,21.8,0.36,1,71
2025-05-17 03:00,Downtown,25.0,0.0,1,111
2025-05-17 04:00,Downtown,25.7,0.17,1,126
2025-05-17 05:00,TechPark,19.1,0.6,1,176
2025-05-17 06:00,University,16.6,0.0,1,127
2025-05-17 07:00,University,23.0,0.21,1,104
2025-05-17 08:00,Downtown,24.3,0.03,1,101
2025-05-17 09:00,Downtown,19.3,0.87,1,116
2025-05-17 10:00,University,25.4,0.24,1,84
2025-05-17 11:00,Airport,30.5,0.0,1,176
2025-05-17 12:00,University,20.2,0.2,1,122
2025-05-17 13:00,Suburbs,23.4,0.0,1,69
2025-05-17 14:00,Airport,21.3,0.64,1,207
2025-05-17 15:00,Suburbs,21.7,0.0,1,61
2025-05-17 16:00,Downtown,17.6,0.27,1,113
2025-05-17 17:00,Airport,25.2,0.09,1,186
2025-05-17 18:00,Suburbs,22.2,0.0,1,70
2025-05-17 19:00,Suburbs,27.6,0.48,1,64
2025-05-17 20:00,Airport,25.5,0.24,1,177
2025-05-17 21:00,TechPark,27.8,0.35,1,160
2025-05-17 22:00,University,24.0,0.0,1,91
2025-05-17 23:00,CityCenter,21.6,0.0,1,139
2025-05-18 00:00,Suburbs,20.5,0.11,1,52
2025-05-18 01:00,University,18.5,0.0,1,107
2025-05-18 02:00,CityCenter,31.2,0.29,1,149
2025-05-18 03:00,University,25.4,0.14,1,72
2025-05-18 04:00,Downtown,24.8,0.36,1,98
2025-05-18 05:00,CityCenter,24.2,0.0,1,149
2025-05-18 06:00,University,29.1,0.27,1,116
2025-05-18 07:00,Suburbs,24.5,0.39,1,97
2025-05-18 08:00,CityCenter,23.6,0.55,1,140
2025-05-18 09:00,Downtown,23.1,0.0,1,107
2025-05-18 10:00,Airport,19.9,0.0,1,224
2025-05-18 11:00,Suburbs,21.7,0.08,1,83
2025-05-18 12:00,Downtown,30.9,0.23,1,111
2025-05-18 13:00,Downtown,26.0,0.0,1,148
2025-05-18 14:00,CityCenter,19.5,0.27,1,134
2025-05-18 15:00,University,22.4,0.0,1,84
2025-05-18 16:00,Airport,23.0,0.0,1,199
2025-05-18 17:00,Suburbs,23.6,0.25,1,63
2025-05-18 18:00,Suburbs,16.5,0.0,1,83
2025-05-18 19:00,University,24.1,0.57,1,119
2025-05-18 20:00,Airport,24.9,0.41,1,205
2025-05-18 21:00,CityCenter,23.7,0.0,1,135
2025-05-18 22:00,Suburbs,17.5,0.0,1,90
2025-05-18 23:00,Airport,20.4,0.0,1,172
2025-05-19 00:00,CityCenter,29.9,0.51,0,114
2025-05-19 01:00,CityCenter,27.0,0.0,0,135
2025-05-19 02:00,Suburbs,25.3,0.01,0,84
2025-05-19 03:00,University,20.4,0.06,0,116
2025-05-19 04:00,TechPark,30.2,0.64,0,139
2025-05-19 05:00,Suburbs,19.4,0.2,0,98
2025-05-19 06:00,Downtown,20.5,0.0,0,124
2025-05-19 07:00,Downtown,18.8,0.45,0,129
2025-05-19 08:00,CityCenter,17.5,0.56,0,122
2025-05-19 09:00,TechPark,17.8,0.02,0,122
2025-05-19 10:00,Suburbs,16.3,0.0,0,68
2025-05-19 11:00,Downtown,28.0,0.0,0,90
2025-05-19 12:00,Downtown,32.8,0.0,0,101
2025-05-19 13:00,Suburbs,20.6,0.26,0,59
2025-05-19 14:00,Airport,29.6,0.0,0,216
2025-05-19 15:00,CityCenter,22.7,0.72,0,148
2025-05-19 16:00,Suburbs,22.1,0.64,0,86
2025-05-19 17:00,Airport,22.8,0.21,0,189
2025-05-19 18:00,CityCenter,23.7,0.09,0,136
2025-05-19 19:00,TechPark,23.5,0.0,0,172
2025-05-19 20:00,University,30.9,0.33,0,89
2025-05-19 21:00,CityCenter,27.7,0.2,0,130
2025-05-19 22:00,TechPark,24.6,0.0,0,142
2025-05-19 23:00,University,20.5,0.22,0,114
2025-05-20 00:00,Downtown,21.1,0.25,0,110
2025-05-20 01:00,Downtown,25.1,0.0,0,121
2025-05-20 02:00,Downtown,27.2,0.0,0,144
2025-05-20 03:00,CityCenter,24.6,0.21,0,149
2025-05-20 04:00,Airport,26.7,0.0,0,216
2025-05-20 05:00,University,22.2,0.12,0,77
2025-05-20 06:00,Downtown,26.5,0.14,0,103
2025-05-20 07:00,Suburbs,30.5,0.0,0,65
2025-05-20 08:00,University,20.0,0.0,0,75
2025-05-20 09:00,University,27.2,0.0,0,94
2025-05-20 10:00,Airport,25.3,0.23,0,182
2025-05-20 11:00,TechPark,21.6,0.0,0,153
2025-05-20 12:00,Airport,17.3,0.0,0,207
2025-05-20 13:00,Downtown,27.6,0.06,0,102
2025-05-20 14:00,Suburbs,22.8,0.51,0,50
2025-05-20 15:00,Suburbs,18.1,0.0,0,46
2025-05-20 16:00,Downtown,18.9,0.0,0,110
2025-05-20 17:00,Suburbs,27.5,0.0,0,72
2025-05-20 18:00,Airport,21.4,0.0,0,213
2025-05-20 19:00,CityCenter,24.2,0.03,0,107
2025-05-20 20:00,Airport,28.4,0.56,0,215
2025-05-20 21:00,CityCenter,36.6,0.11,0,107
2025-05-20 22:00,Downtown,14.0,0.79,0,142
2025-05-20 23:00,Suburbs,24.4,0.0,0,54
2025-05-21 00:00,University,33.3,0.32,0,117
2025-05-21 01:00,TechPark,30.5,0.2,0,163
2025-05-21 02:00,University,27.0,0.18,0,94
2025-05-21 03:00,CityCenter,19.3,0.56,0,103
2025-05-21 04:00,Airport,23.2,0.27,0,203
2025-05-21 05:00,Airport,25.6,0.0,0,222
2025-05-21 06:00,Airport,20.0,0.0,0,216
2025-05-21 07:00,Airport,33.8,0.39,0,211
2025-05-21 08:00,TechPark,30.1,0.33,0,168
2025-05-21 09:00,Downtown,19.8,0.12,0,133
2025-05-21 10:00,Airport,24.4,0.0,0,176
2025-05-21 11:00,CityCenter,27.8,0.0,0,141
2025-05-21 12:00,Suburbs,23.4,0.34,0,93
2025-05-21 13:00,TechPark,24.9,0.51,0,175
2025-05-21 14:00,CityCenter,20.0,0.12,0,112
2025-05-21 15:00,CityCenter,28.8,0.22,0,121
2025-05-21 16:00,Airport,29.3,0.23,0,184
2025-05-21 17:00,Suburbs,18.4,0.62,0,81
2025-05-21 18:00,Airport,22.9,0.33,0,195
2025-05-21 19:00,CityCenter,20.6,0.0,0,123
2025-05-21 20:00,Downtown,22.8,0.47,0,99
2025-05-21 21:00,TechPark,26.3,0.3,0,129
2025-05-21 22:00,Downtown,32.9,0.0,0,136
2025-05-21 23:00,TechPark,26.0,0.0,0,152
2025-05-22 00:00,Airport,23.3,0.06,0,217
2025-05-22 01:00,Airport,19.7,0.0,0,176
2025-05-22 02:00,TechPark,17.9,0.18,0,133
2025-05-22 03:00,Suburbs,21.8,0.15,0,64
2025-05-22 04:00,Suburbs,20.8,0.59,0,93
2025-05-22 05:00,Airport,30.8,0.0,0,180
2025-05-22 06:00,Airport,25.2,0.0,0,211
2025-05-22 07:00,Downtown,24.7,0.18,0,125
2025-05-22 08:00,CityCenter,21.7,0.0,0,158
2025-05-22 09:00,Airport,28.6,0.0,0,182
2025-05-22 10:00,TechPark,21.0,0.11,0,124
2025-05-22 11:00,Suburbs,24.8,0.0,0,47
2025-05-22 12:00,Suburbs,25.3,0.35,0,93
2025-05-22 13:00,Downtown,23.0,0.0,0,111
2025-05-22 14:00,Suburbs,26.8,0.68,0,73
2025-05-22 15:00,Suburbs,16.2,0.0,0,61
2025-05-22 16:00,CityCenter,26.2,0.12,0,112
2025-05-22 17:00,University,29.2,0.31,0,124
2025-05-22 18:00,TechPark,20.3,0.12,0,176
2025-05-22 19:00,CityCenter,14.7,0.0,0,122
2025-05-22 20:00,University,19.6,0.01,0,74
2025-05-22 21:00,Suburbs,27.5,0.33,0,40
2025-05-22 22:00,Downtown,24.3,0.47,0,95
2025-05-22 23:00,Downtown,27.3,0.0,0,121
2025-05-23 00:00,Suburbs,24.5,0.05,0,77
2025-05-23 01:00,Airport,22.8,0.0,0,214
2025-05-23 02:00,University,21.2,0.03,0,96
2025-05-23 03:00,Suburbs,24.2,0.0,0,42
2025-05-23 04:00,Downtown,19.6,0.0,0,93
2025-05-23 05:00,Downtown,25.5,0.52,0,149
2025-05-23 06:00,University,22.5,0.24,0,116
2025-05-23 07:00,TechPark,27.5,0.0,0,164
2025-05-23 08:00,Suburbs,27.7,0.01,0,69
2025-05-23 09:00,CityCenter,21.2,0.23,0,106
2025-05-23 10:00,Suburbs,22.0,0.03,0,60
2025-05-23 11:00,TechPark,26.8,0.14,0,121
2025-05-23 12:00,University,23.9,0.35,0,115
2025-05-23 13:00,University,25.1,0.07,0,75
2025-05-23 14:00,Downtown,22.5,0.0,0,97
2025-05-23 15:00,TechPark,27.8,0.0,0,134
2025-05-23 16:00,University,24.2,0.26,0,101
2025-05-23 17:00,Airport,25.0,0.0,0,200
2025-05-23 18:00,Suburbs,12.4,0.19,0,99
2025-05-23 19:00,Downtown,24.2,0.03,0,112
2025-05-23 20:00,CityCenter,23.1,0.55,0,101
2025-05-23 21:00,TechPark,30.6,0.07,0,150
2025-05-23 22:00,Downtown,21.7,0.0,0,98
2025-05-23 23:00,University,21.2,0.36,0,76
2025-05-24 00:00,University,22.4,0.15,1,73
2025-05-24 01:00,CityCenter,18.9,0.29,1,136
2025-05-24 02:00,CityCenter,17.9,0.37,1,151
2025-05-24 03:00,CityCenter,27.8,0.23,1,149
2025-05-24 04:00,CityCenter,18.5,0.03,1,106
2025-05-24 05:00,CityCenter,16.2,0.91,1,106
2025-05-24 06:00,Airport,27.5,0.33,1,224
2025-05-24 07:00,Suburbs,21.7,0.0,1,93
2025-05-24 08:00,TechPark,25.5,0.51,1,142
2025-05-24 09:00,Downtown,24.4,0.0,1,90
2025-05-24 10:00,CityCenter,27.7,0.0,1,144
2025-05-24 11:00,Suburbs,23.9,0.27,1,74
2025-05-24 12:00,University,27.3,0.0,1,90
2025-05-24 13:00,Suburbs,19.2,0.09,1,91
2025-05-24 14:00,CityCenter,26.9,0.0,1,134
2025-05-24 15:00,Downtown,18.5,0.0,1,127
2025-05-24 16:00,CityCenter,26.0,0.07,1,148
2025-05-24 17:00,Suburbs,28.6,0.0,1,99
2025-05-24 18:00,University,23.2,0.0,1,119
2025-05-24 19:00,Suburbs,32.6,0.0,1,73
2025-05-24 20:00,CityCenter,20.2,0.0,1,148
2025-05-24 21:00,TechPark,21.4,0.15,1,143
2025-05-24 22:00,Suburbs,23.9,0.18,1,47
2025-05-24 23:00,TechPark,22.5,0.16,1,143
2025-05-25 00:00,CityCenter,14.3,0.16,1,130
2025-05-25 01:00,Suburbs,20.1,0.0,1,54
2025-05-25 02:00,University,19.7,0.0,1,74
2025-05-25 03:00,Airport,28.7,0.32,1,179
2025-05-25 04:00,Airport,26.4,0.49,1,171
2025-05-25 05:00,TechPark,20.6,0.0,1,160
2025-05-25 06:00,CityCenter,25.8,0.75,1,149
2025-05-25 07:00,TechPark,20.9,0.0,1,146
2025-05-25 08:00,CityCenter,24.2,0.18,1,152
2025-05-25 09:00,CityCenter,24.2,0.35,1,131
2025-05-25 10:00,Airport,20.6,0.21,1,184
2025-05-25 11:00,University,24.9,0.0,1,78
2025-05-25 12:00,University,19.8,0.0,1,129
2025-05-25 13:00,Suburbs,19.5,0.0,1,91
2025-05-25 14:00,TechPark,22.1,0.0,1,151
2025-05-25 15:00,University,22.7,0.1,1,90
2025-05-25 16:00,Downtown,27.4,0.0,1,144
2025-05-25 17:00,Suburbs,22.6,0.26,1,86
2025-05-25 18:00,Suburbs,27.4,0.0,1,60
2025-05-25 19:00,Airport,18.8,0.17,1,201
2025-05-25 20:00,TechPark,24.7,0.0,1,162
2025-05-25 21:00,University,25.2,0.0,1,82
2025-05-25 22:00,University,23.6,0.07,1,84
2025-05-25 23:00,CityCenter,19.2,0.09,1,143
2025-05-26 00:00,Suburbs,25.2,0.61,0,72
2025-05-26 01:00,TechPark,16.4,0.12,0,138
2025-05-26 02:00,TechPark,28.0,0.16,0,156
2025-05-26 03:00,TechPark,23.4,0.0,0,135
2025-05-26 04:00,CityCenter,26.4,0.33,0,102
2025-05-26 05:00,Airport,29.2,0.0,0,212
2025-05-26 06:00,University,28.4,0.0,0,115
2025-05-26 07:00,TechPark,19.2,0.23,0,160
2025-05-26 08:00,CityCenter,26.7,0.0,0,135
2025-05-26 09:00,Airport,18.2,0.0,0,220
2025-05-26 10:00,CityCenter,23.6,0.47,0,118
2025-05-26 11:00,Downtown,30.9,0.0,0,113
2025-05-26 12:00,Suburbs,22.2,0.0,0,77
2025-05-26 13:00,University,30.7,0.0,0,90
2025-05-26 14:00,CityCenter,22.3,0.0,0,116
2025-05-26 15:00,CityCenter,21.8,0.87,0,113
2025-05-26 16:00,University,21.8,0.19,0,127
2025-05-26 17:00,Suburbs,31.4,0.67,0,63
2025-05-26 18:00,Downtown,28.1,0.28,0,120
2025-05-26 19:00,Airport,20.0,0.22,0,193
2025-05-26 20:00,CityCenter,28.5,0.0,0,137
2025-05-26 21:00,Suburbs,26.2,0.0,0,58
2025-05-26 22:00,Airport,19.4,0.04,0,224
2025-05-26 23:00,Airport,20.5,0.33,0,221
2025-05-27 00:00,Airport,27.1,0.36,0,223
2025-05-27 01:00,Downtown,19.9,0.66,0,93
2025-05-27 02:00,Downtown,18.7,0.1,0,104
2025-05-27 03:00,Airport,28.6,0.01,0,180
2025-05-27 04:00,TechPark,25.2,0.0,0,129
2025-05-27 05:00,University,24.6,0.0,0,114
2025-05-27 06:00,Downtown,22.4,0.26,0,94
2025-05-27 07:00,TechPark,22.5,0.22,0,168
2025-05-27 08:00,TechPark,26.8,0.07,0,155
2025-05-27 09:00,CityCenter,23.9,0.63,0,100
2025-05-27 10:00,University,22.9,0.0,0,89
2025-05-27 11:00,Airport,25.4,0.14,0,199
2025-05-27 12:00,CityCenter,27.5,0.0,0,109
2025-05-27 13:00,CityCenter,27.7,0.0,0,141
2025-05-27 14:00,TechPark,22.1,0.31,0,128
2025-05-27 15:00,TechPark,21.9,0.1,0,139
2025-05-27 16:00,TechPark,28.2,0.71,0,140
2025-05-27 17:00,Airport,14.3,0.37,0,176
2025-05-27 18:00,Airport,23.4,0.03,0,201
2025-05-27 19:00,CityCenter,25.0,0.13,0,114
2025-05-27 20:00,CityCenter,23.0,0.38,0,125
2025-05-27 21:00,Downtown,17.7,0.0,0,146
2025-05-27 22:00,Downtown,25.6,0.1,0,94
2025-05-27 23:00,TechPark,19.6,0.27,0,143
2025-05-28 00:00,Airport,18.9,0.0,0,190
2025-05-28 01:00,Airport,17.5,0.45,0,210
2025-05-28 02:00,CityCenter,20.7,0.05,0,121
2025-05-28 03:00,University,28.1,0.9,0,103
2025-05-28 04:00,TechPark,28.0,0.0,0,158
2025-05-28 05:00,Downtown,25.5,0.64,0,95
2025-05-28 06:00,University,26.2,0.0,0,79
2025-05-28 07:00,Airport,25.7,0.37,0,203
2025-05-28 08:00,Downtown,23.5,0.44,0,128
2025-05-28 09:00,TechPark,21.2,0.12,0,159
2025-05-28 10:00,Airport,22.8,0.0,0,204
2025-05-28 11:00,TechPark,21.4,0.0,0,139
2025-05-28 12:00,CityCenter,30.3,0.18,0,151
2025-05-28 13:00,University,18.2,0.13,0,90
2025-05-28 14:00,University,20.1,0.24,0,83
2025-05-28 15:00,University,22.8,0.0,0,127
2025-05-28 16:00,Suburbs,25.5,0.58,0,41
2025-05-28 17:00,TechPark,23.8,0.0,0,127
2025-05-28 18:00,University,21.0,0.0,0,104
2025-05-28 19:00,CityCenter,25.2,0.0,0,124
2025-05-28 20:00,University,20.7,0.04,0,74
2025-05-28 21:00,TechPark,16.7,0.16,0,147
2025-05-28 22:00,University,20.8,0.38,0,77
2025-05-28 23:00,TechPark,22.2,0.48,0,167
2025-05-29 00:00,Airport,24.2,0.39,0,229
2025-05-29 01:00,CityCenter,27.9,0.3,0,106
2025-05-29 02:00,TechPark,17.7,0.49,0,146
2025-05-29 03:00,TechPark,22.7,0.0,0,127
2025-05-29 04:00,Suburbs,25.2,0.33,0,82
2025-05-29 05:00,Airport,28.0,0.0,0,215
2025-05-29 06:00,CityCenter,24.1,0.52,0,115
2025-05-29 07:00,Suburbs,24.0,0.19,0,92
2025-05-29 08:00,University,28.6,0.53,0,73
2025-05-29 09:00,TechPark,20.6,0.21,0,124
2025-05-29 10:00,CityCenter,28.7,0.88,0,124
2025-05-29 11:00,Airport,22.0,0.27,0,174
2025-05-29 12:00,Suburbs,25.9,0.03,0,45
2025-05-29 13:00,TechPark,20.0,0.44,0,130
2025-05-29 14:00,Downtown,25.1,0.32,0,98
2025-05-29 15:00,CityCenter,23.6,0.0,0,102
2025-05-29 16:00,Suburbs,24.3,0.41,0,87
2025-05-29 17:00,Airport,27.4,0.26,0,202
2025-05-29 18:00,Suburbs,21.7,0.0,0,80
2025-05-29 19:00,Suburbs,20.9,0.28,0,50
2025-05-29 20:00,Suburbs,28.9,0.56,0,61
2025-05-29 21:00,University,27.2,0.29,0,99
2025-05-29 22:00,Downtown,24.2,0.14,0,109
2025-05-29 23:00,Airport,22.0,0.19,0,204
2025-05-30 00:00,Airport,22.1,0.16,0,208
2025-05-30 01:00,Airport,25.9,0.0,0,170
2025-05-30 02:00,TechPark,22.0,0.33,0,122
2025-05-30 03:00,CityCenter,24.5,0.68,0,137
2025-05-30 04:00,Airport,21.6,0.04,0,226
2025-05-30 05:00,CityCenter,28.1,0.0,0,113
2025-05-30 06:00,Airport,23.2,0.19,0,178
2025-05-30 07:00,Downtown,26.5,0.43,0,107
2025-05-30 08:00,TechPark,27.4,0.2,0,146
2025-05-30 09:00,TechPark,20.1,0.15,0,175
2025-05-30 10:00,Suburbs,18.7,0.0,0,92
2025-05-30 11:00,University,15.3,0.35,0,99
2025-05-30 12:00,TechPark,23.6,0.52,0,168
2025-05-30 13:00,TechPark,23.1,0.23,0,167
2025-05-30 14:00,Downtown,26.2,0.37,0,117
2025-05-30 15:00,Airport,20.3,0.43,0,224
2025-05-30 16:00,TechPark,32.8,0.26,0,171
2025-05-30 17:00,TechPark,25.4,0.0,0,155
2025-05-30 18:00,University,23.1,0.0,0,102
2025-05-30 19:00,CityCenter,16.5,0.01,0,110
2025-05-30 20:00,Downtown,26.6,0.56,0,148
2025-05-30 21:00,University,27.8,0.61,0,110
2025-05-30 22:00,TechPark,29.0,0.13,0,167
2025-05-30 23:00,TechPark,24.3,0.0,0,165
2025-05-31 00:00,Downtown,24.3,0.45,1,94
2025-05-31 01:00,Suburbs,20.8,0.0,1,83
2025-05-31 02:00,Suburbs,25.1,0.29,1,56
2025-05-31 03:00,TechPark,19.5,0.07,1,138
2025-05-31 04:00,TechPark,23.5,0.39,1,159
2025-05-31 05:00,University,23.7,0.29,1,126
2025-05-31 06:00,CityCenter,19.9,0.33,1,106
2025-05-31 07:00,CityCenter,22.5,0.0,1,111
2025-05-31 08:00,University,32.7,0.05,1,71
2025-05-31 09:00,University,23.2,0.0,1,110
2025-05-31 10:00,Airport,33.2,0.13,1,175
2025-05-31 11:00,TechPark,24.4,0.0,1,146
2025-05-31 12:00,Airport,22.3,0.0,1,170
2025-05-31 13:00,Suburbs,18.3,0.0,1,74
2025-05-31 14:00,TechPark,25.8,0.0,1,164
2025-05-31 15:00,TechPark,33.9,0.0,1,157
2025-05-31 16:00,Downtown,25.2,0.19,1,122
2025-05-31 17:00,TechPark,28.3,0.0,1,168
2025-05-31 18:00,Suburbs,22.0,0.0,1,93
2025-05-31 19:00,CityCenter,23.4,0.3,1,136
2025-05-31 20:00,CityCenter,27.4,0.0,1,120
2025-05-31 21:00,TechPark,24.4,0.0,1,160
2025-05-31 22:00,CityCenter,23.7,0.0,1,145
2025-05-31 23:00,Airport,22.5,0.0,1,188
2025-06-01 00:00,TechPark,27.3,0.05,1,172
2025-06-01 01:00,Airport,27.4,0.0,1,202
2025-06-01 02:00,University,22.1,0.14,1,114
2025-06-01 03:00,University,22.5,0.27,1,73
2025-06-01 04:00,Downtown,20.7,0.0,1,107
2025-06-01 05:00,TechPark,24.8,0.0,1,159
2025-06-01 06:00,University,23.5,0.12,1,127
2025-06-01 07:00,University,28.5,0.0,1,71
2025-06-01 08:00,CityCenter,28.9,0.45,1,101
2025-06-01 09:00,Downtown,24.9,0.37,1,103
2025-06-01 10:00,Downtown,26.8,0.17,1,146
2025-06-01 11:00,CityCenter,22.8,0.0,1,105
2025-06-01 12:00,TechPark,24.2,0.0,1,159
2025-06-01 13:00,Airport,26.2,0.38,1,181
2025-06-01 14:00,TechPark,23.5,0.0,1,164
2025-06-01 15:00,Airport,27.2,0.04,1,218
2025-06-01 16:00,Downtown,23.3,0.0,1,113
2025-06-01 17:00,Suburbs,27.9,0.23,1,93
2025-06-01 18:00,TechPark,22.8,0.43,1,164
2025-06-01 19:00,Suburbs,20.2,0.0,1,97
2025-06-01 20:00,Airport,18.4,0.24,1,201
2025-06-01 21:00,TechPark,25.2,0.18,1,134
2025-06-01 22:00,Suburbs,22.6,0.17,1,50
2025-06-01 23:00,Suburbs,16.7,0.45,1,96
2025-06-02 00:00,TechPark,23.7,0.0,0,143
2025-06-02 01:00,Suburbs,19.6,0.0,0,76
2025-06-02 02:00,TechPark,22.4,0.14,0,120
2025-06-02 03:00,Suburbs,20.1,0.0,0,68
2025-06-02 04:00,Downtown,14.6,0.2,0,124
2025-06-02 05:00,TechPark,21.8,0.04,0,130
2025-06-02 06:00,Downtown,28.4,0.0,0,94
2025-06-02 07:00,CityCenter,28.9,0.13,0,155
2025-06-02 08:00,University,23.9,0.18,0,73
2025-06-02 09:00,Downtown,19.5,0.13,0,115
2025-06-02 10:00,Suburbs,19.6,0.0,0,89
2025-06-02 11:00,Airport,20.6,0.0,0,222
2025-06-02 12:00,CityCenter,26.2,0.01,0,136
2025-06-02 13:00,Downtown,23.6,0.17,0,112
2025-06-02 14:00,CityCenter,24.5,0.1,0,108
2025-06-02 15:00,Downtown,23.6,0.23,0,134
2025-06-02 16:00,Downtown,23.9,0.22,0,102
2025-06-02 17:00,Airport,30.3,0.18,0,228
2025-06-02 18:00,Airport,22.3,0.41,0,203
2025-06-02 19:00,Downtown,20.8,0.0,0,138
2025-06-02 20:00,University,32.1,0.13,0,90
2025-06-02 21:00,Airport,24.2,0.25,0,220
2025-06-02 22:00,Airport,25.2,0.0,0,204
2025-06-02 23:00,Airport,25.3,0.0,0,205
2025-06-03 00:00,TechPark,25.2,0.37,0,176
2025-06-03 01:00,CityCenter,23.2,0.53,0,138
2025-06-03 02:00,Downtown,22.1,0.07,0,106
2025-06-03 03:00,University,26.1,0.18,0,96
2025-06-03 04:00,Airport,25.0,0.24,0,214
2025-06-03 05:00,TechPark,21.8,0.09,0,173
2025-06-03 06:00,CityCenter,22.6,0.18,0,116
2025-06-03 07:00,Suburbs,22.6,0.69,0,97
2025-06-03 08:00,Suburbs,25.5,0.09,0,83
2025-06-03 09:00,Airport,23.8,0.59,0,224
2025-06-03 10:00,University,18.2,0.0,0,102
2025-06-03 11:00,University,16.7,0.68,0,96
2025-06-03 12:00,CityCenter,15.5,1.04,0,149
2025-06-03 13:00,CityCenter,26.1,0.19,0,126
2025-06-03 14:00,Downtown,28.8,0.0,0,136
2025-06-03 15:00,Airport,26.2,0.13,0,217
2025-06-03 16:00,Suburbs,19.9,0.0,0,77
2025-06-03 17:00,Downtown,27.5,0.34,0,111
2025-06-03 18:00,University,28.5,0.38,0,123
2025-06-03 19:00,Downtown,33.0,0.24,0,110
2025-06-03 20:00,Suburbs,28.6,0.0,0,63
2025-06-03 21:00,University,24.8,0.62,0,99
2025-06-03 22:00,CityCenter,27.8,0.25,0,106
2025-06-03 23:00,TechPark,28.8,0.0,0,134
2025-06-04 00:00,TechPark,25.7,0.0,0,124
2025-06-04 01:00,CityCenter,25.9,0.25,0,100
2025-06-04 02:00,Airport,25.4,0.42,0,209
2025-06-04 03:00,Downtown,30.2,0.0,0,103
2025-06-04 04:00,University,17.4,0.0,0,107
2025-06-04 05:00,CityCenter,25.9,0.0,0,113
2025-06-04 06:00,CityCenter,16.4,0.16,0,139
2025-06-04 07:00,Airport,23.5,0.0,0,171
2025-06-04 08:00,Downtown,23.4,0.0,0,136
2025-06-04 09:00,CityCenter,25.7,0.0,0,102
2025-06-04 10:00,Suburbs,27.3,0.04,0,68
2025-06-04 11:00,CityCenter,28.6,0.18,0,116
2025-06-04 12:00,University,24.3,0.11,0,90
2025-06-04 13:00,Downtown,22.4,0.0,0,114
2025-06-04 14:00,University,11.9,0.16,0,79
2025-06-04 15:00,Downtown,24.9,0.49,0,109
2025-06-04 16:00,Suburbs,19.6,0.33,0,67
2025-06-04 17:00,University,20.9,0.0,0,84
2025-06-04 18:00,TechPark,28.2,0.93,0,132
2025-06-04 19:00,CityCenter,24.9,0.23,0,111
2025-06-04 20:00,Suburbs,16.7,0.09,0,57
2025-06-04 21:00,Downtown,26.2,0.34,0,130
2025-06-04 22:00,University,20.7,0.44,0,100
2025-06-04 23:00,CityCenter,26.2,0.0,0,117
2025-06-05 00:00,Suburbs,27.8,0.0,0,62
2025-06-05 01:00,Downtown,20.1,0.83,0,95
2025-06-05 02:00,TechPark,27.3,0.0,0,148
2025-06-05 03:00,TechPark,24.7,0.0,0,153
2025-06-05 04:00,Downtown,28.1,0.0,0,104
2025-06-05 05:00,TechPark,23.6,0.29,0,125
2025-06-05 06:00,Suburbs,25.6,0.07,0,76
2025-06-05 07:00,CityCenter,27.0,0.13,0,124
2025-06-05 08:00,TechPark,26.1,0.0,0,132
2025-06-05 09:00,CityCenter,21.7,0.0,0,110
2025-06-05 10:00,Airport,24.4,0.16,0,199
2025-06-05 11:00,TechPark,23.3,0.0,0,138
2025-06-05 12:00,Airport,22.2,0.14,0,206
2025-06-05 13:00,CityCenter,14.3,0.09,0,140
2025-06-05 14:00,University,20.0,0.08,0,83
2025-06-05 15:00,CityCenter,22.9,0.2,0,136
2025-06-05 16:00,Suburbs,25.3,0.19,0,55
2025-06-05 17:00,University,27.7,0.0,0,123
2025-06-05 18:00,University,22.9,0.21,0,114
2025-06-05 19:00,TechPark,26.7,0.05,0,155
2025-06-05 20:00,TechPark,20.5,0.44,0,163
2025-06-05 21:00,TechPark,24.6,0.0,0,173
2025-06-05 22:00,CityCenter,24.8,0.06,0,159
2025-06-05 23:00,University,24.5,0.01,0,118
2025-06-06 00:00,Suburbs,24.2,0.0,0,83
2025-06-06 01:00,Suburbs,25.2,0.0,0,52
2025-06-06 02:00,Airport,17.9,0.0,0,191
2025-06-06 03:00,Downtown,24.7,0.12,0,124
2025-06-06 04:00,Suburbs,13.8,0.04,0,56
2025-06-06 05:00,TechPark,23.0,0.23,0,148
2025-06-06 06:00,Airport,26.2,0.09,0,229
2025-06-06 07:00,TechPark,29.6,0.0,0,174
2025-06-06 08:00,University,26.9,0.32,0,109
2025-06-06 09:00,University,20.9,0.14,0,116
2025-06-06 10:00,CityCenter,23.0,0.16,0,105
2025-06-06 11:00,TechPark,16.4,0.0,0,144
2025-06-06 12:00,Suburbs,24.4,0.56,0,91
2025-06-06 13:00,Downtown,27.8,0.68,0,105
2025-06-06 14:00,TechPark,28.0,0.0,0,126
2025-06-06 15:00,Suburbs,25.4,0.33,0,71
2025-06-06 16:00,Airport,24.7,0.17,0,194
2025-06-06 17:00,TechPark,20.3,0.0,0,178
2025-06-06 18:00,Airport,22.4,0.05,0,210
2025-06-06 19:00,Suburbs,24.6,0.29,0,52
2025-06-06 20:00,Suburbs,23.3,0.6,0,65
2025-06-06 21:00,Suburbs,24.6,0.11,0,94
2025-06-06 22:00,Suburbs,26.1,0.12,0,67
2025-06-06 23:00,University,21.3,0.29,0,95
2025-06-07 00:00,CityCenter,22.5,0.0,1,125
2025-06-07 01:00,Suburbs,22.2,0.36,1,58
2025-06-07 02:00,University,25.3,0.0,1,109
2025-06-07 03:00,Downtown,28.5,0.26,1,136
2025-06-07 04:00,University,23.1,0.24,1,129
2025-06-07 05:00,Airport,21.2,0.12,1,215
2025-06-07 06:00,Downtown,19.6,0.05,1,139
2025-06-07 07:00,Airport,28.1,0.0,1,201
2025-06-07 08:00,CityCenter,32.1,0.1,1,104
2025-06-07 09:00,TechPark,26.6,0.16,1,137
2025-06-07 10:00,TechPark,18.8,0.16,1,150
2025-06-07 11:00,University,18.3,0.02,1,112
2025-06-07 12:00,Airport,20.6,0.22,1,180
2025-06-07 13:00,CityCenter,25.8,0.21,1,127
2025-06-07 14:00,TechPark,21.0,0.19,1,123
2025-06-07 15:00,CityCenter,17.6,0.24,1,124
2025-06-07 16:00,CityCenter,20.7,0.5,1,116
2025-06-07 17:00,TechPark,24.1,0.27,1,121
2025-06-07 18:00,TechPark,23.6,0.22,1,161
2025-06-07 19:00,Downtown,31.2,0.04,1,136
2025-06-07 20:00,Downtown,23.0,0.0,1,106
2025-06-07 21:00,Suburbs,24.9,0.0,1,61
2025-06-07 22:00,Airport,25.2,0.42,1,206
2025-06-07 23:00,TechPark,19.0,0.28,1,179
2025-06-08 00:00,CityCenter,24.2,0.0,1,147
2025-06-08 01:00,Airport,23.4,0.0,1,226
2025-06-08 02:00,Suburbs,27.5,0.03,1,84
2025-06-08 03:00,CityCenter,22.6,0.0,1,155
2025-06-08 04:00,University,38.0,0.0,1,76
2025-06-08 05:00,Suburbs,18.6,0.0,1,92
2025-06-08 06:00,TechPark,17.2,0.0,1,136
2025-06-08 07:00,University,21.3,0.34,1,89
2025-06-08 08:00,University,16.6,0.58,1,70
2025-06-08 09:00,Suburbs,21.2,0.0,1,84
2025-06-08 10:00,TechPark,25.9,0.3,1,124
2025-06-08 11:00,CityCenter,22.4,0.31,1,128
2025-06-08 12:00,University,30.7,0.0,1,125
2025-06-08 13:00,Suburbs,26.2,0.89,1,65
2025-06-08 14:00,Suburbs,23.3,0.15,1,46
2025-06-08 15:00,CityCenter,23.2,0.38,1,103
2025-06-08 16:00,TechPark,18.3,0.16,1,127
2025-06-08 17:00,Suburbs,21.8,0.0,1,78
2025-06-08 18:00,Suburbs,24.4,0.01,1,66
2025-06-08 19:00,Suburbs,13.6,0.16,1,63
2025-06-08 20:00,Airport,27.6,0.32,1,193
2025-06-08 21:00,Downtown,20.2,0.23,1,146
2025-06-08 22:00,CityCenter,21.6,0.09,1,151
2025-06-08 23:00,Airport,22.0,0.08,1,222
2025-06-09 00:00,Suburbs,26.8,0.0,0,76
2025-06-09 01:00,Downtown,20.5,0.29,0,128
2025-06-09 02:00,CityCenter,19.7,0.0,0,102
2025-06-09 03:00,University,21.6,0.0,0,120
2025-06-09 04:00,CityCenter,28.9,0.35,0,104
2025-06-09 05:00,Airport,26.4,0.52,0,199
2025-06-09 06:00,Airport,28.8,0.0,0,196
2025-06-09 07:00,Airport,21.5,0.0,0,217
2025-06-09 08:00,CityCenter,29.8,0.0,0,148
2025-06-09 09:00,TechPark,18.8,0.0,0,161
2025-06-09 10:00,Suburbs,20.7,0.26,0,48
2025-06-09 11:00,CityCenter,27.1,0.0,0,121
2025-06-09 12:00,University,26.6,0.0,0,121
2025-06-09 13:00,University,20.3,0.2,0,106
2025-06-09 14:00,University,24.1,0.0,0,94
2025-06-09 15:00,Suburbs,19.2,0.05,0,54
2025-06-09 16:00,Downtown,22.7,0.64,0,90
2025-06-09 17:00,Airport,22.3,0.38,0,203
2025-06-09 18:00,Suburbs,21.9,0.26,0,52
2025-06-09 19:00,Airport,26.6,0.0,0,222
2025-06-09 20:00,Suburbs,25.8,0.33,0,51
2025-06-09 21:00,Airport,21.2,0.66,0,170
2025-06-09 22:00,Suburbs,23.3,0.0,0,75
2025-06-09 23:00,Downtown,26.8,0.35,0,107
2025-06-10 00:00,CityCenter,25.0,0.0,0,132
2025-06-10 01:00,University,23.8,0.24,0,73
2025-06-10 02:00,Airport,24.2,0.98,0,175
2025-06-10 03:00,Suburbs,26.0,0.11,0,58
2025-06-10 04:00,Downtown,16.9,0.0,0,105
2025-06-10 05:00,Downtown,23.0,0.18,0,124
2025-06-10 06:00,University,24.7,0.17,0,100
2025-06-10 07:00,Suburbs,19.5,0.0,0,95
2025-06-10 08:00,CityCenter,24.0,0.51,0,107
2025-06-10 09:00,Airport,26.7,0.0,0,172
2025-06-10 10:00,CityCenter,18.6,0.3,0,107
2025-06-10 11:00,TechPark,24.3,0.0,0,172
2025-06-10 12:00,Downtown,19.9,0.0,0,106
2025-06-10 13:00,Downtown,23.6,0.31,0,117
2025-06-10 14:00,University,21.3,0.05,0,128
2025-06-10 15:00,Suburbs,21.3,0.03,0,80
2025-06-10 16:00,TechPark,19.5,0.47,0,121
2025-06-10 17:00,TechPark,22.0,0.0,0,152
2025-06-10 18:00,TechPark,29.5,0.44,0,134
2025-06-10 19:00,Suburbs,25.1,0.0,0,93
2025-06-10 20:00,Airport,25.7,0.05,0,210
2025-06-10 21:00,Downtown,18.7,0.12,0,95
2025-06-10 22:00,Suburbs,25.6,0.11,0,80
2025-06-10 23:00,TechPark,27.6,0.41,0,160
2025-06-11 00:00,Downtown,24.4,0.0,0,96
2025-06-11 01:00,Downtown,20.7,0.0,0,114
2025-06-11 02:00,TechPark,27.0,0.51,0,143
2025-06-11 03:00,TechPark,24.8,0.12,0,162
2025-06-11 04:00,Downtown,19.3,0.2,0,136
2025-06-11 05:00,University,23.7,0.16,0,123
2025-06-11 06:00,CityCenter,22.4,0.66,0,134
2025-06-11 07:00,CityCenter,18.8,0.35,0,133
2025-06-11 08:00,Downtown,20.4,0.54,0,116
2025-06-11 09:00,Airport,28.8,0.4,0,217
2025-06-11 10:00,Airport,27.1,0.86,0,228
2025-06-11 11:00,University,28.1,0.18,0,70
2025-06-11 12:00,Suburbs,23.5,0.0,0,92
2025-06-11 13:00,Downtown,23.1,0.18,0,111
2025-06-11 14:00,Airport,18.2,0.53,0,214
2025-06-11 15:00,Downtown,23.1,0.09,0,93
